{"cameraMode":{"drawMode":0,"name":"Shaded","section":"Shading Mode"},"sceneLighting":false,"audioPlay":false,"sceneViewState":{"showFog":true,"showMaterialUpdate":false,"showSkybox":false,"showFlares":true,"showImageEffects":true,"showParticleSystems":true},"in2DMode":false,"pivot":{"x":0.27674102783203127,"y":1.9168004989624024,"z":-0.8480772376060486},"rotation":{"x":0.19964127242565156,"y":-0.008818689733743668,"z":0.0017968222964555026,"w":0.9798271656036377},"size":79.62510681152344,"orthographic":false}