{"cameraMode":{"drawMode":0,"name":"Shaded","section":"Shading Mode"},"sceneLighting":false,"audioPlay":false,"sceneViewState":{"showFog":true,"showMaterialUpdate":false,"showSkybox":false,"showFlares":true,"showImageEffects":true,"showParticleSystems":true},"in2DMode":false,"pivot":{"x":-0.5450000166893005,"y":-0.4480000138282776,"z":0.0},"rotation":{"x":-0.08684241771697998,"y":0.033725082874298099,"z":-0.002942696213722229,"w":-0.9956686496734619},"size":0.30777278542518618,"orthographic":false}