{"cameraMode":{"drawMode":0,"name":"Shaded","section":"Shading Mode"},"sceneLighting":false,"audioPlay":false,"sceneViewState":{"showFog":true,"showMaterialUpdate":false,"showSkybox":false,"showFlares":true,"showImageEffects":true,"showParticleSystems":true},"in2DMode":false,"pivot":{"x":16.0,"y":-13.319999694824219,"z":-0.6499999761581421},"rotation":{"x":-0.0014675810234621168,"y":-0.12718720734119416,"z":0.00035385790397413075,"w":-0.9920325875282288},"size":4.8105363845825199,"orthographic":false}