{"cameraMode":{"drawMode":0,"name":"Shaded","section":"Shading Mode"},"sceneLighting":true,"audioPlay":false,"sceneViewState":{"showFog":true,"showMaterialUpdate":false,"showSkybox":false,"showFlares":true,"showImageEffects":true,"showParticleSystems":true},"in2DMode":false,"pivot":{"x":16.0,"y":-5.579999923706055,"z":2.109999895095825},"rotation":{"x":0.0028947892133146526,"y":0.13994581997394563,"z":-0.000968457548879087,"w":0.990362823009491},"size":0.1777126044034958,"orthographic":false}